{
  "file": "test.png",
  "image": {
    "height": 479,
    "step": 3084,
    "width": 771
  },
  "image_angle": 0.0,
  "line_count": 2,
  "lines": [
    {
      "bounding_box": [
        174.0,
        141.0,
        252.0,
        140.0,
        252.0,
        177.0,
        174.0,
        178.0
      ],
      "index": 0,
      "style": {
        "confidence": 0.03530000150203705,
        "type": "printed"
      },
      "text": "测试",
      "word_count": 2,
      "words": [
        {
          "bounding_box": [
            174.0,
            141.0000457763672,
            203.72064208984375,
            140.61268615722656,
            204.19496154785156,
            177.60964965820313,
            174.0,
            177.99700927734375
          ],
          "confidence": 0.9955660700798035,
          "index": 0,
          "text": "测"
        },
        {
          "bounding_box": [
            214.20310974121094,
            140.47828674316406,
            252.4333038330078,
            140.0,
            252.90762329101563,
            176.98512268066406,
            214.67742919921875,
            177.47525024414063
          ],
          "confidence": 0.991093099117279,
          "index": 1,
          "text": "试"
        }
      ]
    },
    {
      "bounding_box": [
        388.0,
        327.0,
        568.0,
        327.0,
        568.0,
        363.0,
        388.0,
        363.0
      ],
      "index": 1,
      "style": {
        "confidence": 0.03530000150203705,
        "type": "printed"
      },
      "text": "wechatocr",
      "word_count": 1,
      "words": [
        {
          "bounding_box": [
            389.109375,
            328.3214416503906,
            569.0,
            327.3072814941406,
            569.0,
            364.0,
            388.50927734375,
            362.80352783203125
          ],
          "confidence": 0.9893367290496826,
          "index": 0,
          "text": "wechatocr"
        }
      ]
    }
  ]
}