{
  "file": "test.png",
  "image": {
    "height": 479,
    "step": 3084,
    "width": 771
  },
  "image_angle": 0.0,
  "line_count": 2,
  "lines": [
    {
      "bounding_box": {
        "x1": 174.0,
        "x2": 252.0,
        "x3": 252.0,
        "x4": 174.0,
        "y1": 141.0,
        "y2": 140.0,
        "y3": 177.0,
        "y4": 178.0
      },
      "index": 0,
      "style": {
        "confidence": 0.03530000150203705,
        "type": "printed"
      },
      "text": "测试",
      "word_count": 2,
      "words": [
        {
          "bounding_box": {
            "x1": 174.0,
            "x2": 203.72064208984375,
            "x3": 204.19496154785156,
            "x4": 174.0,
            "y1": 141.0000457763672,
            "y2": 140.61268615722656,
            "y3": 177.60964965820313,
            "y4": 177.99700927734375
          },
          "confidence": 0.9955660700798035,
          "index": 0,
          "text": "测"
        },
        {
          "bounding_box": {
            "x1": 214.20310974121094,
            "x2": 252.4333038330078,
            "x3": 252.90762329101563,
            "x4": 214.67742919921875,
            "y1": 140.47828674316406,
            "y2": 140.0,
            "y3": 176.98512268066406,
            "y4": 177.47525024414063
          },
          "confidence": 0.991093099117279,
          "index": 1,
          "text": "试"
        }
      ]
    },
    {
      "bounding_box": {
        "x1": 388.0,
        "x2": 568.0,
        "x3": 568.0,
        "x4": 388.0,
        "y1": 327.0,
        "y2": 327.0,
        "y3": 363.0,
        "y4": 363.0
      },
      "index": 1,
      "style": {
        "confidence": 0.03530000150203705,
        "type": "printed"
      },
      "text": "wechatocr",
      "word_count": 1,
      "words": [
        {
          "bounding_box": {
            "x1": 389.109375,
            "x2": 569.0,
            "x3": 569.0,
            "x4": 388.50927734375,
            "y1": 328.3214416503906,
            "y2": 327.3072814941406,
            "y3": 364.0,
            "y4": 362.80352783203125
          },
          "confidence": 0.9893367290496826,
          "index": 0,
          "text": "wechatocr"
        }
      ]
    }
  ]
}